{
  "stability_score": 0.5873015873015873,
  "variants": {
    "var_1_synonyms": 0.42857142857142855,
    "var_2_restructured": 0.6666666666666666,
    "var_3_terse": 0.6666666666666666
  }
}